ac_number,ac_name,candidate,party,party_type,votes,status,total_votes,valid_votes,vote_share,region,reserved
2,PONNERI,Malathi.s,MMKA,U,371.0,FD,226873.0,225954.0,0.16,Chennai Metro,SC
5,POONAMALLEE,Mekala.j,NTK,S,11697.0,FD,309019.0,307323.0,3.81,Chennai Metro,SC
5,POONAMALLEE,Dr.jayanthi.r,IND,IND,304.0,FD,309019.0,307323.0,0.1,Chennai Metro,SC
6,AVADI,Punitha Shanmugam,NTK,S,16335.0,FD,346358.0,344472.0,4.74,Chennai Metro,GEN
7,MADURAVOYAL,Revathi L,NTK,S,13024.0,FD,294170.0,292230.0,4.46,Chennai Metro,GEN
8,AMBATTUR,Dr. J.sailas,BSP,N,443.0,FD,260675.0,258496.0,0.17,Chennai Metro,GEN
8,AMBATTUR,Dr A.p. Poornima,DMK,S,74558.0,L,260675.0,258496.0,28.84,Chennai Metro,GEN
8,AMBATTUR,D. Pushpa,IND,IND,68.0,FD,260675.0,258496.0,0.03,Chennai Metro,GEN
8,AMBATTUR,Jothi.m,IND,IND,89.0,FD,260675.0,258496.0,0.03,Chennai Metro,GEN
9,MADAVARAM,E.krithika,NTK,S,12637.0,FD,362249.0,360604.0,3.5,Chennai Metro,GEN
10,THIRUVOTTIYUR,Sathya. B,NTK,S,8413.0,FD,207167.0,206283.0,4.08,Chennai Metro,GEN
10,THIRUVOTTIYUR,Sasirekha. M,VTVTK,U,271.0,FD,207167.0,206283.0,0.13,Chennai Metro,GEN
11,DR.RADHAKRISHNAN NAGAR,Vennila.t,NTK,S,5364.0,FD,181348.0,180645.0,2.97,Chennai Metro,GEN
11,DR.RADHAKRISHNAN NAGAR,Amudha.n,IND,IND,30.0,FD,181348.0,180645.0,0.02,Chennai Metro,GEN
11,DR.RADHAKRISHNAN NAGAR,A. Usha,IND,IND,41.0,FD,181348.0,180645.0,0.02,Chennai Metro,GEN
12,PERAMBUR,M. Geeta,TK,U,47.0,FD,204619.0,203783.0,0.02,Chennai Metro,GEN
12,PERAMBUR,M. Thilagabama,PMK,U,8561.0,FD,204619.0,203783.0,4.2,Chennai Metro,GEN
12,PERAMBUR,S. Malathi,VTVTK,U,32.0,FD,204619.0,203783.0,0.02,Chennai Metro,GEN
12,PERAMBUR,Amala.r,IND,IND,32.0,FD,204619.0,203783.0,0.02,Chennai Metro,GEN
12,PERAMBUR,Azarutheen.m,IND,IND,78.0,FD,204619.0,203783.0,0.04,Chennai Metro,GEN
12,PERAMBUR,M.i. Thahira Banu,IND,IND,33.0,FD,204619.0,203783.0,0.02,Chennai Metro,GEN
12,PERAMBUR,Nivetha,IND,IND,70.0,FD,204619.0,203783.0,0.03,Chennai Metro,GEN
13,KOLATHUR,Subashini,BSP,N,236.0,FD,184284.0,183159.0,0.13,Chennai Metro,GEN
13,KOLATHUR,Oormila,tavk,U,105.0,FD,184284.0,183159.0,0.06,Chennai Metro,GEN
13,KOLATHUR,Selvi Steffi. V. M,IND,IND,122.0,FD,184284.0,183159.0,0.07,Chennai Metro,GEN
13,KOLATHUR,M. Poornima,IND,IND,56.0,FD,184284.0,183159.0,0.03,Chennai Metro,GEN
15,THIRU-VI-KA-NAGAR,Porkodi Armstrong,ADMK,S,23304.0,FD,143940.0,143376.0,16.25,Chennai Metro,SC
15,THIRU-VI-KA-NAGAR,M. R. Pallavi,TVK,U,69125.0,W,143940.0,143376.0,48.21,Chennai Metro,SC
15,THIRU-VI-KA-NAGAR,S Jayakalpana,RPPRINAT,U,350.0,FD,143940.0,143376.0,0.24,Chennai Metro,SC
16,EGMORE,Saranya Imran,NTK,S,2522.0,FD,119915.0,119043.0,2.12,Chennai Metro,SC
17,ROYAPURAM,P. Sumathi,IND,IND,49.0,FD,127420.0,126897.0,0.04,Chennai Metro,GEN
17,ROYAPURAM,M. Mahalakshmi,IND,IND,30.0,FD,127420.0,126897.0,0.02,Chennai Metro,GEN
19,CHEPAUK-THIRUVALLIKENI,Aysha,NTK,S,2971.0,FD,140834.0,140098.0,2.12,Chennai Metro,GEN
19,CHEPAUK-THIRUVALLIKENI,Ayisha,IND,IND,72.0,FD,140834.0,140098.0,0.05,Chennai Metro,GEN
20,THOUSAND LIGHTS,Valarmathi.b,ADMK,S,23320.0,L,131905.0,131009.0,17.8,Chennai Metro,GEN
20,THOUSAND LIGHTS,Valarmathi.e,IND,IND,245.0,FD,131905.0,131009.0,0.19,Chennai Metro,GEN
20,THOUSAND LIGHTS,Valarmathy.d,IND,IND,102.0,FD,131905.0,131009.0,0.08,Chennai Metro,GEN
21,ANNA NAGAR,S.gokula Indira,ADMK,S,34382.0,L,163432.0,162376.0,21.17,Chennai Metro,GEN
23,SAIDAPET,Srividya. G,NTK,S,5918.0,FD,160496.0,159477.0,3.71,Chennai Metro,GEN
23,SAIDAPET,Valarmathi. P,IND,IND,139.0,FD,160496.0,159477.0,0.09,Chennai Metro,GEN
24,THIYAGARAYANAGAR,Anusha V,NTK,S,4554.0,FD,134147.0,133050.0,3.42,Chennai Metro,GEN
24,THIYAGARAYANAGAR,Padmini Narasimhan,IND,IND,124.0,FD,134147.0,133050.0,0.09,Chennai Metro,GEN
24,THIYAGARAYANAGAR,Mythili C,IND,IND,86.0,FD,134147.0,133050.0,0.06,Chennai Metro,GEN
25,MYLAPORE,Dr. Tamilisai Soundararajan,BJP,N,32328.0,L,150800.0,149824.0,21.58,Chennai Metro,GEN
25,MYLAPORE,Vinu Pradha. A,IND,IND,109.0,FD,150800.0,149824.0,0.07,Chennai Metro,GEN
25,MYLAPORE,Vijayalakshmi. P,IND,IND,227.0,FD,150800.0,149824.0,0.15,Chennai Metro,GEN
26,VELACHERY,Keerthana. M,NTK,S,7697.0,FD,185042.0,183479.0,4.2,Chennai Metro,GEN
26,VELACHERY,Kanchana. R,MMKA,U,205.0,FD,185042.0,183479.0,0.11,Chennai Metro,GEN
26,VELACHERY,Kala Pethachi,IND,IND,233.0,FD,185042.0,183479.0,0.13,Chennai Metro,GEN
27,SHOZHINGANALLUR,R Jayalakshmi,NTK,S,21919.0,FD,447368.0,445216.0,4.92,Chennai Metro,GEN
28,ALANDUR,Y.g.mahalakshmi,NTK,S,10405.0,FD,261666.0,260307.0,4.0,Chennai Metro,GEN
28,ALANDUR,Senkodi Vijayalakshmi,IND,IND,233.0,FD,261666.0,260307.0,0.09,Chennai Metro,GEN
29,SRIPERUMBUDUR,M. Sindhu Ezhilarasan,NTK,S,13150.0,FD,331155.0,329927.0,3.99,Chennai Metro,SC
29,SRIPERUMBUDUR,J. Nithya,IND,IND,176.0,FD,331155.0,329927.0,0.05,Chennai Metro,SC
29,SRIPERUMBUDUR,G. Rajathi,IND,IND,211.0,FD,331155.0,329927.0,0.06,Chennai Metro,SC
30,PALLAVARAM,N.bharathi,BSP,N,562.0,FD,283768.0,282075.0,0.2,Chennai Metro,GEN
30,PALLAVARAM,J.kamatchi,TVK,U,133611.0,W,283768.0,282075.0,47.37,Chennai Metro,GEN
30,PALLAVARAM,B.rajeswari,NADLMMKLK,U,443.0,FD,283768.0,282075.0,0.16,Chennai Metro,GEN
31,TAMBARAM,R.s.kiruthika Devi,DMK,S,83346.0,L,279036.0,277297.0,30.06,Chennai Metro,GEN
31,TAMBARAM,S.tamilchelvi,NTK,S,11627.0,FD,279036.0,277297.0,4.19,Chennai Metro,GEN
32,CHENGALPATTU,Amutha. N,NTK,S,12032.0,FD,324093.0,322615.0,3.73,Chennai Metro,GEN
34,CHEYYUR,Swathilakshmi Sekar,NTK,S,4853.0,FD,188026.0,186801.0,2.6,North,SC
35,MADURANTAKAM,S.amulu Ponmalar,DMK,S,59838.0,L,198551.0,197454.0,30.3,North,SC
35,MADURANTAKAM,Maragatham Kumaravel.k,ADMK,S,69284.0,W,198551.0,197454.0,35.09,North,SC
35,MADURANTAKAM,Ezhil Katharine Ezhilmalai,TVK,U,62090.0,L,198551.0,197454.0,31.45,North,SC
35,MADURANTAKAM,Ranjitham.m,IND,IND,357.0,FD,198551.0,197454.0,0.18,North,SC
36,UTHIRAMERUR,Maheswari.j,IND,IND,212.0,FD,228219.0,226651.0,0.09,North,GEN
37,KANCHEEPURAM,Nithya Sugumar,DMK,S,69344.0,L,246886.0,245239.0,28.28,North,GEN
37,KANCHEEPURAM,Vetriselvi,NTK,S,6950.0,FD,246886.0,245239.0,2.83,North,GEN
38,ARAKKONAM,Ezhil Caroline,VCK,S,50655.0,L,182493.0,181441.0,27.92,North,SC
40,KATPADI,Indu .w,TMMDK,U,319.0,FD,204355.0,202752.0,0.16,North,GEN
41,RANIPET,Thaarikha Salman,NTK,S,7236.0,FD,221259.0,219829.0,3.29,North,GEN
41,RANIPET,J.jeniferjanet,BSP,N,620.0,FD,221259.0,219829.0,0.28,North,GEN
41,RANIPET,Thahira,TVK,U,91149.0,W,221259.0,219829.0,41.46,North,GEN
42,ARCOT,Archana Narasimman,NTK,S,5518.0,FD,226005.0,225130.0,2.45,North,GEN
42,ARCOT,R.indhumathi,IND,IND,58.0,FD,226005.0,225130.0,0.03,North,GEN
42,ARCOT,V.shanthi,IND,IND,113.0,FD,226005.0,225130.0,0.05,North,GEN
43,VELLORE,A.soniya,NTK,S,3793.0,FD,190573.0,189770.0,2.0,North,GEN
43,VELLORE,K.vimala,NIDP,U,195.0,FD,190573.0,189770.0,0.1,North,GEN
45,KILVAITHINANKUPPAM,Dr. Rajeswari. R,DMK,S,53898.0,L,190379.0,188920.0,28.53,North,SC
45,KILVAITHINANKUPPAM,Kalaiyenthiri. R,NTK,S,5183.0,FD,190379.0,188920.0,2.74,North,SC
46,GUDIYATTAM,Paritha Purushothaman.g,ADMK,S,64122.0,L,229252.0,228277.0,28.09,North,SC
46,GUDIYATTAM,K.asha,PT,U,383.0,FD,229252.0,228277.0,0.17,North,SC
46,GUDIYATTAM,K.sindu,TVK,U,82858.0,W,229252.0,228277.0,36.3,North,SC
46,GUDIYATTAM,K.thabithal,AIPTMMK,U,351.0,FD,229252.0,228277.0,0.15,North,SC
46,GUDIYATTAM,M.sumathi,IND,IND,157.0,FD,229252.0,228277.0,0.07,North,SC
47,VANIYAMBADI,Sundarammal,MKARSKTC,U,544.0,FD,212624.0,211910.0,0.26,North,GEN
48,AMBUR,Afshia Nasrin. S,NTK,S,4185.0,FD,195785.0,195116.0,2.14,North,GEN
48,AMBUR,Sasi Reka. Y,MKARSKTC,U,194.0,FD,195785.0,195116.0,0.1,North,GEN
49,JOLARPET,Kavithadhandapani,DMK,S,61977.0,L,213582.0,212347.0,29.19,North,GEN
49,JOLARPET,Sasirekha K,NTK,S,5974.0,FD,213582.0,212347.0,2.81,North,GEN
49,JOLARPET,Sasi Reka Y,MKARSKTC,U,270.0,FD,213582.0,212347.0,0.13,North,GEN
49,JOLARPET,Kavitha C,IND,IND,155.0,FD,213582.0,212347.0,0.07,North,GEN
49,JOLARPET,Kavitha T,IND,IND,76.0,FD,213582.0,212347.0,0.04,North,GEN
49,JOLARPET,Kamatchi S,IND,IND,128.0,FD,213582.0,212347.0,0.06,North,GEN
49,JOLARPET,Priya K,IND,IND,454.0,FD,213582.0,212347.0,0.21,North,GEN
50,TIRUPPATTUR,Anjali. M,IND,IND,115.0,FD,203263.0,202461.0,0.06,North,GEN
50,TIRUPPATTUR,Dr.poovalagi. P,IND,IND,139.0,FD,203263.0,202461.0,0.07,North,GEN
51,UTHANGARAI,Mekala,NTK,S,6629.0,FD,205745.0,204649.0,3.24,North,SC
51,UTHANGARAI,Rameshwari,BHRTJNCKP,U,115.0,FD,205745.0,204649.0,0.06,North,SC
51,UTHANGARAI,Vijiyal,AJPK,U,206.0,FD,205745.0,204649.0,0.1,North,SC
52,BARGUR,Anitha Mayaperumal,IND,IND,143.0,FD,214129.0,213329.0,0.07,North,GEN
53,KRISHNAGIRI,Suganthi,NTK,S,6398.0,FD,231023.0,229045.0,2.79,North,GEN
53,KRISHNAGIRI,Mangammal,TMK,U,336.0,FD,231023.0,229045.0,0.15,North,GEN
53,KRISHNAGIRI,Muthulakshmi Veerappan,tavk,U,366.0,FD,231023.0,229045.0,0.16,North,GEN
57,PALACODU,Palaniyammal. M.,TMK,U,155.0,FD,225496.0,223965.0,0.07,North,GEN
58,PENNAGARAM,Palaniyammal. T.,NTK,S,7358.0,FD,228907.0,227992.0,3.23,North,GEN
58,PENNAGARAM,Tamilselvi. S.,IND,IND,263.0,FD,228907.0,227992.0,0.12,North,GEN
58,PENNAGARAM,Poomani. P.,IND,IND,533.0,FD,228907.0,227992.0,0.23,North,GEN
59,DHARMAPURI,Shanthalakshmi. K.,NTK,S,6758.0,FD,238742.0,237638.0,2.84,North,GEN
59,DHARMAPURI,Sivagami. G.,TMK,U,382.0,FD,238742.0,237638.0,0.16,North,GEN
59,DHARMAPURI,Sowmiya Anbumani,PMK,U,93713.0,W,238742.0,237638.0,39.44,North,GEN
60,PAPPIREDDIPATTI,Archana Tamilaruvi,NTK,S,5216.0,FD,237164.0,235944.0,2.21,North,GEN
60,PAPPIREDDIPATTI,Maragatham Vetrivel,ADMK,S,101829.0,W,237164.0,235944.0,43.16,North,GEN
60,PAPPIREDDIPATTI,Thilagavathi. S,TVK,U,57619.0,L,237164.0,235944.0,24.42,North,GEN
60,PAPPIREDDIPATTI,Jamunarani. M,NADLMMKLK,U,187.0,FD,237164.0,235944.0,0.08,North,GEN
61,HARUR,Anitha. A,NTK,S,5245.0,FD,220303.0,219260.0,2.39,North,SC
61,HARUR,Karuthammal. S,NADLMMKLK,U,487.0,FD,220303.0,219260.0,0.22,North,SC
61,HARUR,Manila. S,tavk,U,213.0,FD,220303.0,219260.0,0.1,North,SC
62,CHENGAM,J.shoba,NTK,S,6335.0,FD,243703.0,241783.0,2.62,North,SC
62,CHENGAM,C.malathi,tavk,U,84.0,FD,243703.0,241783.0,0.03,North,SC
62,CHENGAM,A Poongodi,IND,IND,197.0,FD,243703.0,241783.0,0.08,North,SC
63,TIRUVANNAMALAI,Malli. S,tavk,U,122.0,FD,220079.0,219281.0,0.06,North,GEN
63,TIRUVANNAMALAI,Maheswari. R,IND,IND,77.0,FD,220079.0,219281.0,0.04,North,GEN
65,KALASAPAKKAM,Seetha Sivanandam. P,NTK,S,5312.0,FD,214193.0,213704.0,2.49,North,GEN
65,KALASAPAKKAM,Sathya. V,NADLMMKLK,U,245.0,FD,214193.0,213704.0,0.11,North,GEN
66,POLUR,Umadevi. A,NTK,S,6425.0,FD,212247.0,210945.0,3.05,North,GEN
66,POLUR,Banupriya. D,RPPRINAT,U,869.0,FD,212247.0,210945.0,0.41,North,GEN
66,POLUR,Subha. A,IND,IND,425.0,FD,212247.0,210945.0,0.2,North,GEN
67,ARANI,Dhavamani. R,NTK,S,6888.0,FD,231139.0,229455.0,3.0,North,GEN
67,ARANI,Mahalakshmi Govarthanan,DMK,S,71104.0,L,231139.0,229455.0,30.99,North,GEN
67,ARANI,Jayasudha. L,ADMK,S,76735.0,W,231139.0,229455.0,33.44,North,GEN
67,ARANI,Ammu. V,IND,IND,104.0,FD,231139.0,229455.0,0.05,North,GEN
67,ARANI,Sudha. S,IND,IND,257.0,FD,231139.0,229455.0,0.11,North,GEN
67,ARANI,Mahalakshmi. G,IND,IND,359.0,FD,231139.0,229455.0,0.16,North,GEN
67,ARANI,Mahalakshmi. G,IND,IND,117.0,FD,231139.0,229455.0,0.05,North,GEN
67,ARANI,Jayanthi. E,IND,IND,60.0,FD,231139.0,229455.0,0.03,North,GEN
67,ARANI,Jayanthi. M,IND,IND,90.0,FD,231139.0,229455.0,0.04,North,GEN
69,VANDAVASI,Rani. P,ADMK,S,60472.0,L,191401.0,190216.0,31.79,North,SC
69,VANDAVASI,Thamarai Selvi. S,tavk,U,252.0,FD,191401.0,190216.0,0.13,North,SC
69,VANDAVASI,Rani. A,IND,IND,674.0,FD,191401.0,190216.0,0.35,North,SC
71,MAILAM,Divya P,NIDP,U,26.0,FD,189376.0,188922.0,0.01,Central,GEN
71,MAILAM,Ranjitha V,IND,IND,357.0,FD,189376.0,188922.0,0.19,Central,GEN
73,VANUR,Radhika S,IND,IND,197.0,FD,192680.0,191600.0,0.1,Central,SC
74,VILUPPURAM,Abinaya Ponnivalavan,NTK,S,5786.0,FD,215891.0,214849.0,2.69,Central,GEN
74,VILUPPURAM,Vijayasureshbabu,ADMK,S,63808.0,L,215891.0,214849.0,29.7,Central,GEN
74,VILUPPURAM,Vijaya K,IND,IND,46.0,FD,215891.0,214849.0,0.02,Central,GEN
74,VILUPPURAM,Vijaya D,IND,IND,100.0,FD,215891.0,214849.0,0.05,Central,GEN
74,VILUPPURAM,Vijaya M,IND,IND,141.0,FD,215891.0,214849.0,0.07,Central,GEN
74,VILUPPURAM,Vijaya M,IND,IND,93.0,FD,215891.0,214849.0,0.04,Central,GEN
75,VIKRAVANDI,Subha Chandrasekaran A,NTK,S,4979.0,FD,209859.0,208830.0,2.38,Central,GEN
75,VIKRAVANDI,Backiyalakshmi C,TK,U,141.0,FD,209859.0,208830.0,0.07,Central,GEN
77,ULUNDURPETTAI,Logeshwari S,NTK,S,6525.0,FD,271103.0,269951.0,2.42,Central,GEN
78,RISHIVANDIYAM,Radhika P,NTK,S,7247.0,FD,245006.0,244261.0,2.97,Central,GEN
78,RISHIVANDIYAM,Sevvantha G K,AMM,U,322.0,FD,245006.0,244261.0,0.13,Central,GEN
79,SANKARAPURAM,Sudha M,BSP,N,544.0,FD,235780.0,235145.0,0.23,Central,GEN
79,SANKARAPURAM,Kavikuil V,IND,IND,97.0,FD,235780.0,235145.0,0.04,Central,GEN
80,KALLAKURICHI,Nagammal Rajkodi,NTK,S,7494.0,FD,249689.0,248743.0,3.01,Central,SC
80,KALLAKURICHI,Malathi K,VCK,S,77666.0,L,249689.0,248743.0,31.22,Central,SC
80,KALLAKURICHI,Malathi K,IND,IND,179.0,FD,249689.0,248743.0,0.07,Central,SC
81,GANGAVALLI,Abirami. A,NTK,S,6242.0,FD,196881.0,195948.0,3.19,Central,SC
81,GANGAVALLI,Sujatha. V,TVK,U,55291.0,L,196881.0,195948.0,28.22,Central,SC
82,ATTUR,Sellammal. V.m.,BSP,N,412.0,FD,208562.0,207265.0,0.2,Central,SC
82,ATTUR,Monisha Chinnadurai.,NTK,S,6532.0,FD,208562.0,207265.0,3.15,Central,SC
82,ATTUR,Palaniyammal. S.,DMSK,U,215.0,FD,208562.0,207265.0,0.1,Central,SC
83,YERCAUD,Usharani. P,ADMK,S,87772.0,W,253743.0,252342.0,34.78,Central,ST
83,YERCAUD,Revathi. T.m,DMK,S,68045.0,L,253743.0,252342.0,26.97,Central,ST
83,YERCAUD,Lakshmi Janarthanan. J,TVK,U,85583.0,L,253743.0,252342.0,33.92,Central,ST
85,METTUR,Vidhya Veerappan,NTK,S,7109.0,FD,231663.0,230311.0,3.09,Central,GEN
86,EDAPPADI,Priyadharshini. A,NTK,S,8450.0,FD,258490.0,256922.0,3.29,Central,GEN
87,SANKARI,Nithya. A,NTK,S,7534.0,FD,244023.0,243068.0,3.1,Central,GEN
89,SALEM (NORTH),Gunaseela. M,NTK,S,6450.0,FD,210877.0,209507.0,3.08,Central,GEN
89,SALEM (NORTH),Jothilakshmi. R.s,VSHWTMLK,U,176.0,FD,210877.0,209507.0,0.08,Central,GEN
89,SALEM (NORTH),Pravina. G,IND,IND,97.0,FD,210877.0,209507.0,0.05,Central,GEN
90,SALEM (SOUTH),Sofia. S,NTK,S,5819.0,FD,208117.0,207157.0,2.81,Central,GEN
90,SALEM (SOUTH),Sumathi. P,IND,IND,61.0,FD,208117.0,207157.0,0.03,Central,GEN
91,VEERAPANDI,Kavitha. M.p,IND,IND,56.0,FD,236141.0,235281.0,0.02,Central,GEN
92,RASIPURAM,Sasikala S,NTK,S,6415.0,FD,204902.0,203817.0,3.15,Central,SC
92,RASIPURAM,Thangamani S,IND,IND,147.0,FD,204902.0,203817.0,0.07,Central,SC
92,RASIPURAM,Jayanthi M,IND,IND,118.0,FD,204902.0,203817.0,0.06,Central,SC
93,SENTHAMANGALAM,P Poomalar,DMK,S,64951.0,L,209816.0,208476.0,31.16,Central,ST
93,SENTHAMANGALAM,Ponnumani C,NTK,S,6478.0,FD,209816.0,208476.0,3.11,Central,ST
94,NAMAKKAL,Rani P,DMK,S,52808.0,L,212395.0,211523.0,24.97,Central,GEN
94,NAMAKKAL,Chandra P,IND,IND,322.0,FD,212395.0,211523.0,0.15,Central,GEN
95,PARAMATHI-VELUR,Shailaja,tavk,U,444.0,FD,189019.0,188396.0,0.24,Central,GEN
95,PARAMATHI-VELUR,Bakkiam P,AADMSK,U,116.0,FD,189019.0,188396.0,0.06,Central,GEN
95,PARAMATHI-VELUR,Parameshwari S,IND,IND,192.0,FD,189019.0,188396.0,0.1,Central,GEN
95,PARAMATHI-VELUR,Latha A,IND,IND,90.0,FD,189019.0,188396.0,0.05,Central,GEN
96,TIRUCHENGODU,Revathi K,NTK,S,6085.0,FD,191217.0,190602.0,3.19,Central,GEN
97,KUMARAPALAYAM,Uvarani Suresh,NTK,S,7663.0,FD,205359.0,204659.0,3.74,Central,GEN
97,KUMARAPALAYAM,C.vijayalakshmi,TVK,U,81179.0,W,205359.0,204659.0,39.67,Central,GEN
98,ERODE (EAST),B.chitra,BSP,N,256.0,FD,162573.0,161574.0,0.16,Kongu,GEN
98,ERODE (EAST),Nathiya.s,IND,IND,136.0,FD,162573.0,161574.0,0.08,Kongu,GEN
99,ERODE (WEST),V. Dhanalakshmi,tavk,U,163.0,FD,222437.0,220143.0,0.07,Kongu,GEN
99,ERODE (WEST),M. Rukmani,SMKNK,U,118.0,FD,222437.0,220143.0,0.05,Kongu,GEN
100,MODAKKURICHI,S.kirthika,BJP,N,58285.0,L,190905.0,189834.0,30.7,Kongu,GEN
100,MODAKKURICHI,L.bharathi,IND,IND,585.0,FD,190905.0,189834.0,0.31,Kongu,GEN
101,DHARAPURAM,Indirani.t,DMK,S,64373.0,L,200101.0,198886.0,32.37,Kongu,SC
101,DHARAPURAM,Sathyabama.p,ADMK,S,81100.0,W,200101.0,198886.0,40.78,Kongu,SC
101,DHARAPURAM,Dhivya,NTK,S,6026.0,FD,200101.0,198886.0,3.03,Kongu,SC
101,DHARAPURAM,Gowri Chitra,TVK,U,46438.0,L,200101.0,198886.0,23.35,Kongu,SC
101,DHARAPURAM,Ananthi.s,IND,IND,151.0,FD,200101.0,198886.0,0.08,Kongu,SC
101,DHARAPURAM,Indhirani.c,IND,IND,142.0,FD,200101.0,198886.0,0.07,Kongu,SC
101,DHARAPURAM,Gowri.p,IND,IND,125.0,FD,200101.0,198886.0,0.06,Kongu,SC
101,DHARAPURAM,Rohini.s,IND,IND,357.0,FD,200101.0,198886.0,0.18,Kongu,SC
102,KANGAYAM,R.vijayalakshmi,GPI,U,176.0,FD,203782.0,202828.0,0.09,Kongu,GEN
103,PERUNDURAI,Valarmathi. P,SMKNK,U,77.0,FD,201079.0,199874.0,0.04,Kongu,GEN
104,BHAVANI,Mohanadevi. R,NTK,S,6195.0,FD,208464.0,206914.0,2.99,Kongu,GEN
105,ANTHIYUR,Aalangattur Anandhi,NTK,S,5287.0,FD,185970.0,185021.0,2.86,Kongu,GEN
105,ANTHIYUR,Selvi.a,IND,IND,176.0,FD,185970.0,185021.0,0.1,Kongu,GEN
106,GOBICHETTIPALAYAM,Seethalakshmi.m.k,NTK,S,8137.0,FD,219988.0,218820.0,3.72,Kongu,GEN
106,GOBICHETTIPALAYAM,Malarvizhi,PFTROOBC,U,197.0,FD,219988.0,218820.0,0.09,Kongu,GEN
106,GOBICHETTIPALAYAM,Seetha.r,IND,IND,139.0,FD,219988.0,218820.0,0.06,Kongu,GEN
106,GOBICHETTIPALAYAM,Sumathi.g,IND,IND,332.0,FD,219988.0,218820.0,0.15,Kongu,GEN
106,GOBICHETTIPALAYAM,Bhuvaneshwari.a,IND,IND,499.0,FD,219988.0,218820.0,0.23,Kongu,GEN
107,BHAVANISAGAR,S.soundarya,NTK,S,5832.0,FD,214838.0,212791.0,2.74,Kongu,SC
107,BHAVANISAGAR,V.p.tamilselvi,TVK,U,72391.0,W,214838.0,212791.0,34.02,Kongu,SC
108,UDHAGAMANDALAM,Saveetha.r,tavk,U,418.0,FD,149032.0,147179.0,0.28,Kongu,GEN
110,COONOOR,K. Deenu,NTK,S,4695.0,FD,141719.0,140674.0,3.34,Kongu,GEN
111,METTUPPALAYAM,Smt.kavitha Kalyanasundaram,DMK,S,67896.0,L,244535.0,243480.0,27.89,Kongu,GEN
111,METTUPPALAYAM,R.sangeetha,NADLMMKLK,U,356.0,FD,244535.0,243480.0,0.15,Kongu,GEN
111,METTUPPALAYAM,S.kavitha,IND,IND,263.0,FD,244535.0,243480.0,0.11,Kongu,GEN
111,METTUPPALAYAM,A.sathiyaleela,IND,IND,238.0,FD,244535.0,243480.0,0.1,Kongu,GEN
112,AVANASHI,Dr. Gokilamani.v,DMK,S,65530.0,L,231948.0,230037.0,28.49,Kongu,SC
112,AVANASHI,Menaka. V,NTK,S,7704.0,FD,231948.0,230037.0,3.35,Kongu,SC
112,AVANASHI,Kamali.s,TVK,U,84209.0,W,231948.0,230037.0,36.61,Kongu,SC
112,AVANASHI,Anandhi.s,IND,IND,235.0,FD,231948.0,230037.0,0.1,Kongu,SC
112,AVANASHI,Gokilamani. M,IND,IND,652.0,FD,231948.0,230037.0,0.28,Kongu,SC
113,TIRUPPUR (NORTH),R.abinaya,NTK,S,13157.0,FD,263576.0,262379.0,5.01,Kongu,GEN
113,TIRUPPUR (NORTH),V.sathyabama,TVK,U,131401.0,W,263576.0,262379.0,50.08,Kongu,GEN
114,TIRUPPUR (SOUTH),Malarvizhi. G,IDMK,U,170.0,FD,179929.0,179170.0,0.09,Kongu,GEN
114,TIRUPPUR (SOUTH),Karthikadevi. K,IND,IND,45.0,FD,179929.0,179170.0,0.03,Kongu,GEN
114,TIRUPPUR (SOUTH),Vasanthamani. K,IND,IND,142.0,FD,179929.0,179170.0,0.08,Kongu,GEN
116,SULUR,Pappa Muthulakshmi.p.,AIPTMMK,U,216.0,FD,273735.0,272191.0,0.08,Kongu,GEN
117,KAVUNDAMPALAYAM,Kalamani Jaganathan,NTK,S,16834.0,FD,364242.0,361875.0,4.65,Kongu,GEN
117,KAVUNDAMPALAYAM,Kanimozhi Santhosh,TVK,U,146466.0,W,364242.0,361875.0,40.47,Kongu,GEN
117,KAVUNDAMPALAYAM,Malliga.m,AIPTMMK,U,314.0,FD,364242.0,361875.0,0.09,Kongu,GEN
117,KAVUNDAMPALAYAM,Kanimozhi.k,IND,IND,567.0,FD,364242.0,361875.0,0.16,Kongu,GEN
118,COIMBATORE (NORTH),Narmadha. G.,NTK,S,9036.0,FD,226267.0,225089.0,4.01,Kongu,GEN
118,COIMBATORE (NORTH),Vanathi Srinivasan,BJP,N,49722.0,L,226267.0,225089.0,22.09,Kongu,GEN
119,THONDAMUTHUR,Rajabu Nisha.z,NTK,S,6976.0,FD,258823.0,257549.0,2.71,Kongu,GEN
119,THONDAMUTHUR,Kalaivani.s,IND,IND,125.0,FD,258823.0,257549.0,0.05,Kongu,GEN
119,THONDAMUTHUR,Kowsalya.v,IND,IND,77.0,FD,258823.0,257549.0,0.03,Kongu,GEN
119,THONDAMUTHUR,Deepa.g.s,IND,IND,195.0,FD,258823.0,257549.0,0.08,Kongu,GEN
119,THONDAMUTHUR,Balamani.v,IND,IND,304.0,FD,258823.0,257549.0,0.12,Kongu,GEN
119,THONDAMUTHUR,Vijaya.k,IND,IND,183.0,FD,258823.0,257549.0,0.07,Kongu,GEN
121,SINGANALLUR,V.srinidhi,INC,N,65024.0,L,221138.0,219687.0,29.6,Kongu,GEN
121,SINGANALLUR,Uma Paramasivam,IND,IND,115.0,FD,221138.0,219687.0,0.05,Kongu,GEN
121,SINGANALLUR,P.tamilselvi,IND,IND,174.0,FD,221138.0,219687.0,0.08,Kongu,GEN
121,SINGANALLUR,Vasanthi,IND,IND,59.0,FD,221138.0,219687.0,0.03,Kongu,GEN
121,SINGANALLUR,Janani.d,IND,IND,168.0,FD,221138.0,219687.0,0.08,Kongu,GEN
122,KINATHUKADAVU,Banupriya M,NTK,S,9667.0,FD,268432.0,266200.0,3.63,Kongu,GEN
124,VALPARAI,Umadevi. P,NTK,S,5256.0,FD,150529.0,149756.0,3.51,Kongu,SC
124,VALPARAI,Lakshmi. N,IND,IND,322.0,FD,150529.0,149756.0,0.22,Kongu,SC
125,UDUMALAIPETTAI,Elsy C.,IND,IND,84.0,FD,203937.0,202426.0,0.04,Kongu,GEN
126,MADATHUKULAM,M Radhamani,NTK,S,6578.0,FD,188375.0,187338.0,3.51,Kongu,GEN
127,PALANI,Murugeswari. B,NTK,S,6300.0,FD,208707.0,207869.0,3.03,South,GEN
127,PALANI,Madheswari. R,IND,IND,178.0,FD,208707.0,207869.0,0.09,South,GEN
129,ATHOOR,N. Kalaiselvi,TVK,U,83872.0,L,237388.0,236371.0,35.48,South,GEN
130,NILAKKOTTAI,Thenmozhi.s,ADMK,S,49924.0,L,197805.0,196951.0,25.35,South,SC
130,NILAKKOTTAI,Nagajothi.s,DMK,S,65655.0,L,197805.0,196951.0,33.34,South,SC
130,NILAKKOTTAI,Rajalakshmi.m,BSP,N,505.0,FD,197805.0,196951.0,0.26,South,SC
131,NATHAM,Alagammal A,NTK,S,9677.0,FD,239317.0,238544.0,4.06,South,GEN
132,DINDIGUL,Mutharasi. S,NTK,S,7299.0,FD,212118.0,211191.0,3.46,South,GEN
132,DINDIGUL,Saranya. M,IND,IND,88.0,FD,212118.0,211191.0,0.04,South,GEN
133,VEDASANDUR,Dr.nakajothi. N,TVK,U,56804.0,L,226683.0,226080.0,25.13,South,GEN
134,ARAVAKURICHI,Suganya. S,BSP,N,359.0,FD,181165.0,180441.0,0.2,Kongu,GEN
134,ARAVAKURICHI,Asiya Begum,AIPTMMK,U,290.0,FD,181165.0,180441.0,0.16,Kongu,GEN
134,ARAVAKURICHI,Sowmiya. R,IND,IND,284.0,FD,181165.0,180441.0,0.16,Kongu,GEN
135,KARUR,Elamathi. S,IND,IND,59.0,FD,217276.0,216290.0,0.03,Kongu,GEN
135,KARUR,Seetha Lakshmi. D,IND,IND,28.0,FD,217276.0,216290.0,0.01,Kongu,GEN
135,KARUR,Daniya. P,IND,IND,7.0,FD,217276.0,216290.0,0.0,Kongu,GEN
135,KARUR,Parameswari,IND,IND,20.0,FD,217276.0,216290.0,0.01,Kongu,GEN
135,KARUR,Mariammal. P.m,IND,IND,16.0,FD,217276.0,216290.0,0.01,Kongu,GEN
135,KARUR,Vanitha. K.m,IND,IND,14.0,FD,217276.0,216290.0,0.01,Kongu,GEN
136,KRISHNARAYAPURAM,Gomathi. M,BSP,N,306.0,FD,189634.0,188832.0,0.16,Kongu,SC
136,KRISHNARAYAPURAM,Sathiya. V,NTK,S,6102.0,FD,189634.0,188832.0,3.23,Kongu,SC
136,KRISHNARAYAPURAM,Dr. Dhivya. S,ADMK,S,58875.0,L,189634.0,188832.0,31.18,Kongu,SC
136,KRISHNARAYAPURAM,Sathya. M,TVK,U,62378.0,W,189634.0,188832.0,33.03,Kongu,SC
136,KRISHNARAYAPURAM,Indragandhi. P,IND,IND,68.0,FD,189634.0,188832.0,0.04,Kongu,SC
136,KRISHNARAYAPURAM,Baby. P,IND,IND,71.0,FD,189634.0,188832.0,0.04,Kongu,SC
137,KULITHALAI,M.gayathiri,IND,IND,84.0,FD,209285.0,208479.0,0.04,Kongu,GEN
138,MANAPPARAI,P. Meena,PT,U,275.0,FD,241445.0,240267.0,0.11,Delta,GEN
138,MANAPPARAI,Periyakka,IND,IND,238.0,FD,241445.0,240267.0,0.1,Delta,GEN
140,TIRUCHIRAPPALLI (WEST),K.bhuvaneswari,NTK,S,7470.0,FD,196420.0,195249.0,3.83,Delta,GEN
142,THIRUVERUMBUR,Visithra. S,BSP,N,194.0,FD,213792.0,212838.0,0.09,Delta,GEN
142,THIRUVERUMBUR,Subbulakshmi. R,IND,IND,92.0,FD,213792.0,212838.0,0.04,Delta,GEN
143,LALGUDI,Pratheeba,BSP,N,348.0,FD,185524.0,184823.0,0.19,Delta,GEN
143,LALGUDI,Leemarose Martin,ADMK,S,60795.0,W,185524.0,184823.0,32.89,Delta,GEN
143,LALGUDI,K. Immaculate Mary,SMKNK,U,399.0,FD,185524.0,184823.0,0.22,Delta,GEN
143,LALGUDI,Josephin,AIPTMMK,U,192.0,FD,185524.0,184823.0,0.1,Delta,GEN
143,LALGUDI,R. Ponsilambu,IND,IND,340.0,FD,185524.0,184823.0,0.18,Delta,GEN
144,MANACHANALLUR,Thenmozhi. R,NTK,S,9289.0,FD,209935.0,209181.0,4.44,Delta,GEN
144,MANACHANALLUR,Revathi. S,AKINMKMRK,U,75.0,FD,209935.0,209181.0,0.04,Delta,GEN
145,MUSIRI,G. Bakiyalakshmi,NTK,S,8357.0,FD,189230.0,188048.0,4.44,Delta,GEN
145,MUSIRI,K.dhivya,RTSMJD,U,253.0,FD,189230.0,188048.0,0.13,Delta,GEN
146,THURAIYUR,S Kowsalya,NTK,S,8436.0,FD,184621.0,183729.0,4.59,Delta,SC
146,THURAIYUR,E.saroja,ADMK,S,56649.0,L,184621.0,183729.0,30.83,Delta,SC
146,THURAIYUR,E.saroja,IND,IND,95.0,FD,184621.0,183729.0,0.05,Delta,SC
146,THURAIYUR,K.saroja,IND,IND,107.0,FD,184621.0,183729.0,0.06,Delta,SC
146,THURAIYUR,P.saroja,IND,IND,141.0,FD,184621.0,183729.0,0.08,Delta,SC
147,PERAMBALUR,Suganya. J,NTK,S,9474.0,FD,253860.0,252494.0,3.75,Central,SC
147,PERAMBALUR,Dr. Jayalakshmi. S.t,DMK,S,76489.0,L,253860.0,252494.0,30.29,Central,SC
147,PERAMBALUR,Shiyamala. M,IND,IND,421.0,FD,253860.0,252494.0,0.17,Central,SC
148,KUNNAM,Saranya. A,ADMK,S,71680.0,L,230664.0,230086.0,31.15,Central,GEN
148,KUNNAM,Revathi Muthamilselvan,TVK,U,59170.0,L,230664.0,230086.0,25.72,Central,GEN
149,ARIYALUR,Latha Balu,DMK,S,70721.0,L,236042.0,235217.0,30.07,Central,GEN
150,JAYANKONDAM,Revathi K.,NTK,S,6192.0,FD,228895.0,228132.0,2.71,Central,GEN
151,TITTAKUDI,Mahalakshmi V,NTK,S,5709.0,FD,175947.0,175170.0,3.26,Central,SC
151,TITTAKUDI,Sathya M,AJPK,U,362.0,FD,175947.0,175170.0,0.21,Central,SC
151,TITTAKUDI,Jaya K,tavk,U,338.0,FD,175947.0,175170.0,0.19,Central,SC
152,VRIDDHACHALAM,Ananthi Dhandapani,NTK,S,6047.0,FD,209448.0,208431.0,2.9,Central,GEN
152,VRIDDHACHALAM,Premallatha Vijayakant,DMDK,S,69351.0,W,209448.0,208431.0,33.27,Central,GEN
152,VRIDDHACHALAM,Sathiya.b,AMM,U,160.0,FD,209448.0,208431.0,0.08,Central,GEN
152,VRIDDHACHALAM,Gnanasundari.m,AJPK,U,611.0,FD,209448.0,208431.0,0.29,Central,GEN
152,VRIDDHACHALAM,Dr.tamizharasi.p,PMK,U,59791.0,L,209448.0,208431.0,28.69,Central,GEN
154,PANRUTI,Banupriya. M,NTK,S,4884.0,FD,211015.0,209860.0,2.33,Central,GEN
155,CUDDALORE,S.sarasu,NTK,S,5766.0,FD,190656.0,189484.0,3.04,Central,GEN
155,CUDDALORE,V. Suganthi,IND,IND,62.0,FD,190656.0,189484.0,0.03,Central,GEN
155,CUDDALORE,R. Veeramani,IND,IND,214.0,FD,190656.0,189484.0,0.11,Central,GEN
156,KURINJIPADI,Kavitha Renganathan,NTK,S,4813.0,FD,214326.0,213336.0,2.26,Central,GEN
156,KURINJIPADI,Manimala R,IND,IND,458.0,FD,214326.0,213336.0,0.21,Central,GEN
157,BHUVANAGIRI,Sumathi . S,NTK,S,5105.0,FD,207463.0,206629.0,2.47,Central,GEN
160,SIRKAZHI,Sakthi.m,ADMK,S,60032.0,L,200546.0,199893.0,30.03,Delta,SC
160,SIRKAZHI,Malathi.a,AIPTMMK,U,365.0,FD,200546.0,199893.0,0.18,Delta,SC
161,MAYILADUTHURAI,Navanitham. S,IND,IND,245.0,FD,188691.0,187987.0,0.13,Delta,GEN
162,POOMPUHAR,Noor Nisha. M,IND,IND,107.0,FD,219814.0,218738.0,0.05,Delta,GEN
163,NAGAPATTINAM,Fathima Farhana.s,NTK,S,5348.0,FD,151512.0,150847.0,3.55,Delta,GEN
164,KILVELUR,Karthika. M,NTK,S,8069.0,FD,151750.0,151092.0,5.34,Delta,SC
164,KILVELUR,Latha. T,CPI(M),N,56108.0,W,151750.0,151092.0,37.13,Delta,SC
164,KILVELUR,Jaivishnudevi. M,IND,IND,410.0,FD,151750.0,151092.0,0.27,Delta,SC
166,THIRUTHURAIPOONDI,Vimala.a,BSP,N,525.0,FD,191133.0,190233.0,0.28,Delta,SC
166,THIRUTHURAIPOONDI,Vinothini.r,NTK,S,10176.0,FD,191133.0,190233.0,5.35,Delta,SC
168,THIRUVARUR,Aswini B,NTK,S,10031.0,FD,218012.0,217050.0,4.62,Delta,GEN
169,NANNILAM,Thenmozhi Dilipkumar,NTK,S,8446.0,FD,231592.0,230508.0,3.66,Delta,GEN
170,THIRUVIDAIMARUDUR,Elamathi Subramanian,ADMK,S,52922.0,L,209468.0,208197.0,25.42,Delta,SC
170,THIRUVIDAIMARUDUR,M.divya Bharathi,NTK,S,6363.0,FD,209468.0,208197.0,3.06,Delta,SC
170,THIRUVIDAIMARUDUR,Keerthiga. K,IND,IND,95.0,FD,209468.0,208197.0,0.05,Delta,SC
170,THIRUVIDAIMARUDUR,Selvarani. S,IND,IND,139.0,FD,209468.0,208197.0,0.07,Delta,SC
171,KUMBAKONAM,Senthamilselvi S,IND,IND,83.0,FD,208378.0,207328.0,0.04,Delta,GEN
172,PAPANASAM,Anis Fathima,NTK,S,9604.0,FD,207867.0,207007.0,4.64,Delta,GEN
172,PAPANASAM,A. Anis Fathima Abdul Rahim,IND,IND,503.0,FD,207867.0,207007.0,0.24,Delta,GEN
173,THIRUVAIYARU,Vijaya Babu,tavk,U,1130.0,FD,222215.0,221163.0,0.51,Delta,GEN
177,PERAVURANI,Bhuvana Maniyarasan,NTK,S,9122.0,FD,176446.0,175579.0,5.2,Delta,GEN
178,GANDHARVAKOTTAI,Nathiya,NTK,S,10189.0,FD,167870.0,166491.0,6.12,Delta,SC
179,VIRALIMALAI,Sathyalakshmi. K,NTK,S,9467.0,FD,203999.0,203546.0,4.65,Delta,GEN
179,VIRALIMALAI,Karthika Prakash,AIPTMMK,U,834.0,FD,203999.0,203546.0,0.41,Delta,GEN
180,PUDUKKOTTAI,Ezhilarasi Vijayendran,NTK,S,11673.0,FD,190615.0,189911.0,6.15,Delta,GEN
180,PUDUKKOTTAI,G. Manimegalai,CPI(ML)(L),U,100.0,FD,190615.0,189911.0,0.05,Delta,GEN
181,THIRUMAYAM,Lakshmi Srinivasan,NTK,S,9102.0,FD,182792.0,181667.0,5.01,Delta,GEN
181,THIRUMAYAM,Chinthamani.c,TVK,U,56709.0,L,182792.0,181667.0,31.22,Delta,GEN
183,ARANTHANGI,Kavitha Srikanth,BJP,N,31456.0,L,182792.0,182150.0,17.27,Delta,GEN
183,ARANTHANGI,Muthulakshmi. S,NTK,S,9975.0,FD,182792.0,182150.0,5.48,Delta,GEN
184,KARAIKUDI,Shanthi. B,IND,IND,263.0,FD,229625.0,228748.0,0.11,South,GEN
184,KARAIKUDI,Selvi. K,IND,IND,169.0,FD,229625.0,228748.0,0.07,South,GEN
184,KARAIKUDI,Jeevitha. A,IND,IND,321.0,FD,229625.0,228748.0,0.14,South,GEN
185,TIRUPPATTUR,Ramya Mohan,NTK,S,15291.0,FD,216016.0,214963.0,7.11,South,GEN
185,TIRUPPATTUR,Umadevi. S,AIPTMMK,U,611.0,FD,216016.0,214963.0,0.28,South,GEN
185,TIRUPPATTUR,Panchavarnam. M,IND,IND,129.0,FD,216016.0,214963.0,0.06,South,GEN
185,TIRUPPATTUR,Bakiyalakshmi. M,IND,IND,266.0,FD,216016.0,214963.0,0.12,South,GEN
185,TIRUPPATTUR,Mallika. A,IND,IND,143.0,FD,216016.0,214963.0,0.07,South,GEN
186,SIVAGANGA,Indhuja R,NTK,S,19021.0,FD,214716.0,213014.0,8.93,South,GEN
186,SIVAGANGA,Kulanthai Rani A,TVK,U,73737.0,W,214716.0,213014.0,34.62,South,GEN
187,MANAMADURAI,Shanmugapriya.m,NTK,S,19676.0,FD,209091.0,207797.0,9.47,South,SC
187,MANAMADURAI,Tamilarasi.a,DMK,S,68763.0,L,209091.0,207797.0,33.09,South,SC
188,MELUR,Soniagandhi,AIPTMMK,U,2628.0,FD,190822.0,190172.0,1.38,South,GEN
190,SHOLAVANDAN,Nagalakshmi Thirumaran.t,NTK,S,10430.0,FD,189224.0,188509.0,5.53,South,SC
192,MADURAI SOUTH,B.m.sumathy,NTK,S,5863.0,FD,141598.0,140891.0,4.16,South,GEN
192,MADURAI SOUTH,K.jeya,IND,IND,257.0,FD,141598.0,140891.0,0.18,South,GEN
195,THIRUPARANKUNDRAM,Kiruthiga Thangapandi,DMK,S,72763.0,L,255946.0,254318.0,28.61,South,GEN
195,THIRUPARANKUNDRAM,Sathyadevi. T.,NTK,S,14350.0,FD,255946.0,254318.0,5.64,South,GEN
195,THIRUPARANKUNDRAM,Mookkayee. C.,ETMK,U,249.0,FD,255946.0,254318.0,0.1,South,GEN
196,THIRUMANGALAM,Kalaiselvi.r,AIDMMK,U,283.0,FD,231544.0,230047.0,0.12,South,GEN
196,THIRUMANGALAM,Jeevitha Nachiyar.b,AIPTMMK,U,2851.0,FD,231544.0,230047.0,1.24,South,GEN
197,USILAMPATTI,Abirami. D,NTK,S,15185.0,FD,224679.0,223356.0,6.8,South,GEN
197,USILAMPATTI,Kiranya. S,IND,IND,262.0,FD,224679.0,223356.0,0.12,South,GEN
197,USILAMPATTI,Praveena. S,IND,IND,343.0,FD,224679.0,223356.0,0.15,South,GEN
198,ANDIPATTI,Esakkiammal.m,BSP,N,420.0,FD,217699.0,216301.0,0.19,South,GEN
198,ANDIPATTI,Gomathi .m,NTK,S,10346.0,FD,217699.0,216301.0,4.78,South,GEN
199,PERIYAKULAM,Vimala R.,NTK,S,9610.0,FD,211514.0,209703.0,4.58,South,SC
199,PERIYAKULAM,Abitha M.,IND,IND,390.0,FD,211514.0,209703.0,0.19,South,SC
200,BODINAYAKANUR,Nagananthini.v,IND,IND,526.0,FD,221116.0,219697.0,0.24,South,GEN
201,CUMBUM,Anbuselvi A,NTK,S,9599.0,FD,211077.0,209907.0,4.57,South,GEN
202,RAJAPALAYAM,Priscilla Pandian. J,BJP,N,36318.0,L,183212.0,182267.0,19.93,South,GEN
202,RAJAPALAYAM,Nasrin Banu. T,RPPRINAT,U,1240.0,FD,183212.0,182267.0,0.68,South,GEN
202,RAJAPALAYAM,Ramadevi. T,PT,U,2544.0,FD,183212.0,182267.0,1.4,South,GEN
202,RAJAPALAYAM,Jegadeshwari. K,TVK,U,65548.0,W,183212.0,182267.0,35.96,South,GEN
202,RAJAPALAYAM,Selvi. K,IND,IND,298.0,FD,183212.0,182267.0,0.16,South,GEN
202,RAJAPALAYAM,Muthulakshmi. R,IND,IND,351.0,FD,183212.0,182267.0,0.19,South,GEN
202,RAJAPALAYAM,Jegathishwari. N,IND,IND,292.0,FD,183212.0,182267.0,0.16,South,GEN
203,SRIVILLIPUTHUR,Chandraprabha.m,ADMK,S,42839.0,L,193627.0,192598.0,22.24,South,SC
203,SRIVILLIPUTHUR,Chandra.m,AIPTMMK,U,1726.0,FD,193627.0,192598.0,0.9,South,SC
203,SRIVILLIPUTHUR,Devialakshmi Saranya.k,IND,IND,509.0,FD,193627.0,192598.0,0.26,South,SC
203,SRIVILLIPUTHUR,Pandiyammal.m,IND,IND,340.0,FD,193627.0,192598.0,0.18,South,SC
204,SATTUR,Narmada Nandhakumar,IND,IND,88.0,FD,199038.0,198258.0,0.04,South,GEN
205,SIVAKASI,Esther Mary Diana A,NTK,S,10191.0,FD,193594.0,192569.0,5.29,South,GEN
205,SIVAKASI,Keerthana S,TVK,U,68709.0,W,193594.0,192569.0,35.68,South,GEN
205,SIVAKASI,Nagalakshmi V,IND,IND,205.0,FD,193594.0,192569.0,0.11,South,GEN
208,TIRUCHULI,Jeyachitra,IND,IND,88.0,FD,181638.0,180825.0,0.05,South,GEN
209,PARAMAKUDI,Ezhil Elavarasi. R,NTK,S,15363.0,FD,190014.0,189043.0,8.13,South,SC
209,PARAMAKUDI,Amirtha. M,AIPTMMK,U,2239.0,FD,190014.0,189043.0,1.18,South,SC
210,TIRUVADANAI,M.keerthika,ADMK,S,63879.0,L,220448.0,219924.0,29.05,South,GEN
212,MUDHUKULATHUR,Chandra Prabha Jeyapal,NTK,S,15112.0,FD,231373.0,230944.0,6.54,South,GEN
212,MUDHUKULATHUR,Malarvizhi. B,TVK,U,51405.0,L,231373.0,230944.0,22.26,South,GEN
213,VILATHIKULAM,R. Sathya,ADMK,S,48879.0,L,175030.0,174172.0,28.06,South,GEN
214,THOOTHUKKUDI,P. Geetha Jeevan,DMK,S,62805.0,L,204992.0,203859.0,30.81,South,GEN
215,TIRUCHENDUR,Ophiliya,NTK,S,9794.0,FD,186322.0,185328.0,5.28,South,GEN
215,TIRUCHENDUR,Packia Sam. T,NIDP,U,97.0,FD,186322.0,185328.0,0.05,South,GEN
217,OTTAPIDARAM,M. Anusiya,NTK,S,17279.0,FD,196554.0,195238.0,8.85,South,SC
217,OTTAPIDARAM,C. Aruna Devi,NNNMNEK,U,761.0,FD,196554.0,195238.0,0.39,South,SC
217,OTTAPIDARAM,Subbulakshmi. S,NIDP,U,230.0,FD,196554.0,195238.0,0.12,South,SC
218,KOVILPATTI,Pandimuneeswari.k,IND,IND,367.0,FD,194497.0,193639.0,0.19,South,GEN
219,SANKARANKOVIL,M. Kavitha,NTK,S,12767.0,FD,197670.0,195920.0,6.52,South,SC
219,SANKARANKOVIL,Vasanthi Murugesan,AIPTMMK,U,8006.0,FD,197670.0,195920.0,4.09,South,SC
220,VASUDEVANALLUR,R. Amutharani,TVK,U,45862.0,L,190256.0,189158.0,24.25,South,SC
220,VASUDEVANALLUR,A. Ponnuthai,AIPTMMK,U,2249.0,FD,190256.0,189158.0,1.19,South,SC
220,VASUDEVANALLUR,B. Veeralakshmi,TMNK,U,183.0,FD,190256.0,189158.0,0.1,South,SC
220,VASUDEVANALLUR,P. Karpagavalli,IND,IND,486.0,FD,190256.0,189158.0,0.26,South,SC
221,KADAYANALLUR,Kavitha. R,PT,U,2882.0,FD,222360.0,221424.0,1.3,South,GEN
221,KADAYANALLUR,Shahin Fathima. A,tavk,U,356.0,FD,222360.0,221424.0,0.16,South,GEN
221,KADAYANALLUR,Lakshmi. A,SAP,U,179.0,FD,222360.0,221424.0,0.08,South,GEN
221,KADAYANALLUR,Barisha Banu. M,IND,IND,467.0,FD,222360.0,221424.0,0.21,South,GEN
222,TENKASI,P. Pushpalatha,NTK,S,16394.0,FD,235213.0,234314.0,7.0,South,GEN
223,ALANGULAM,Jeyanthi,IND,IND,432.0,FD,221103.0,219875.0,0.2,South,GEN
224,TIRUNELVELI,Sathya. B.,NTK,S,15108.0,FD,219060.0,217708.0,6.94,South,GEN
224,TIRUNELVELI,Eswara Vadivu. S.,NIDP,U,114.0,FD,219060.0,217708.0,0.05,South,GEN
227,NANGUNERI,Tamilselvi,PT,U,11141.0,FD,209548.0,208698.0,5.34,South,GEN
227,NANGUNERI,M. Aruna,IND,IND,251.0,FD,209548.0,208698.0,0.12,South,GEN
227,NANGUNERI,R.ananthi,IND,IND,169.0,FD,209548.0,208698.0,0.08,South,GEN
227,NANGUNERI,Thanithangam,IND,IND,441.0,FD,209548.0,208698.0,0.21,South,GEN
227,NANGUNERI,A.rani Nadar Alias Pushparani,IND,IND,529.0,FD,209548.0,208698.0,0.25,South,GEN
228,RADHAPURAM,Essakkiammal.e,BSP,N,331.0,FD,200446.0,199462.0,0.17,South,GEN
228,RADHAPURAM,Girija Thamaraipandian.d,NTK,S,15370.0,FD,200446.0,199462.0,7.71,South,GEN
228,RADHAPURAM,Mahalakshmi,PMTDK,U,103.0,FD,200446.0,199462.0,0.05,South,GEN
228,RADHAPURAM,Ananthi.r,IND,IND,76.0,FD,200446.0,199462.0,0.04,South,GEN
229,KANNIYAKUMARI,Maria Jennifer,NTK,S,13689.0,FD,239978.0,238325.0,5.74,South,GEN
230,NAGERCOIL,Vallimayil P,CPIM,U,145.0,FD,196545.0,195833.0,0.07,South,GEN
231,COLACHAL,Ancy Shoba Rani. L,NTK,S,12458.0,FD,199711.0,198432.0,6.28,South,GEN
231,COLACHAL,Tharahai Cuthbert,INC,N,66207.0,W,199711.0,198432.0,33.37,South,GEN
232,PADMANABHAPURAM,Vasanthi. R,IND,IND,453.0,FD,181647.0,179940.0,0.25,South,GEN
233,VILAVANCODE,Maria Stella,NTK,S,6199.0,FD,175453.0,174099.0,3.56,South,GEN
233,VILAVANCODE,Vijayadharani S,BJP,N,45604.0,L,175453.0,174099.0,26.19,South,GEN
