ac_number,ac_name,candidate,party,party_type,votes,status,total_votes,valid_votes
2,PONNERI,Rajathi.m,NTK,S,6676,FD,226873,225954
2,PONNERI,Malathi.s,MMKA,U,371,FD,226873,225954
5,POONAMALLEE,Mekala.j,NTK,S,11697,FD,309019,307323
5,POONAMALLEE,Dr.jayanthi.r,IND,IND,304,FD,309019,307323
6,AVADI,Punitha Shanmugam,NTK,S,16335,FD,346358,344472
7,MADURAVOYAL,Revathi L,NTK,S,13024,FD,294170,292230
8,AMBATTUR,Dr. J.sailas,BSP,N,443,FD,260675,258496
8,AMBATTUR,Dr A.p. Poornima,DMK,S,74558,L,260675,258496
8,AMBATTUR,D. Pushpa,IND,IND,68,FD,260675,258496
8,AMBATTUR,Jothi.m,IND,IND,89,FD,260675,258496
9,MADAVARAM,E.krithika,NTK,S,12637,FD,362249,360604
10,THIRUVOTTIYUR,Sathya. B,NTK,S,8413,FD,207167,206283
10,THIRUVOTTIYUR,Sasirekha. M,VTVTK,U,271,FD,207167,206283
11,DR.RADHAKRISHNAN NAGAR,Vennila.t,NTK,S,5364,FD,181348,180645
11,DR.RADHAKRISHNAN NAGAR,Amudha.n,IND,IND,30,FD,181348,180645
11,DR.RADHAKRISHNAN NAGAR,A. Usha,IND,IND,41,FD,181348,180645
12,PERAMBUR,M. Geeta,TK,U,47,FD,204619,203783
12,PERAMBUR,M. Thilagabama,PMK,U,8561,FD,204619,203783
12,PERAMBUR,S. Malathi,VTVTK,U,32,FD,204619,203783
12,PERAMBUR,Amala.r,IND,IND,32,FD,204619,203783
12,PERAMBUR,Azarutheen.m,IND,IND,78,FD,204619,203783
12,PERAMBUR,M.i. Thahira Banu,IND,IND,33,FD,204619,203783
12,PERAMBUR,Nivetha,IND,IND,70,FD,204619,203783
13,KOLATHUR,Subashini,BSP,N,236,FD,184284,183159
13,KOLATHUR,Oormila,tavk,U,105,FD,184284,183159
13,KOLATHUR,Selvi Steffi. V. M,IND,IND,122,FD,184284,183159
13,KOLATHUR,M. Poornima,IND,IND,56,FD,184284,183159
15,THIRU-VI-KA-NAGAR,Porkodi Armstrong,ADMK,S,23304,FD,143940,143376
15,THIRU-VI-KA-NAGAR,M. R. Pallavi,TVK,U,69125,W,143940,143376
15,THIRU-VI-KA-NAGAR,S Jayakalpana,RPPRINAT,U,350,FD,143940,143376
16,EGMORE,Saranya Imran,NTK,S,2522,FD,119915,119043
17,ROYAPURAM,P. Sumathi,IND,IND,49,FD,127420,126897
17,ROYAPURAM,M. Mahalakshmi,IND,IND,30,FD,127420,126897
19,CHEPAUK-THIRUVALLIKENI,Aysha,NTK,S,2971,FD,140834,140098
19,CHEPAUK-THIRUVALLIKENI,Ayisha,IND,IND,72,FD,140834,140098
20,THOUSAND LIGHTS,Valarmathi.b,ADMK,S,23320,L,131905,131009
20,THOUSAND LIGHTS,Valarmathi.e,IND,IND,245,FD,131905,131009
20,THOUSAND LIGHTS,Valarmathy.d,IND,IND,102,FD,131905,131009
21,ANNA NAGAR,S.gokula Indira,ADMK,S,34382,L,163432,162376
23,SAIDAPET,Srividya. G,NTK,S,5918,FD,160496,159477
23,SAIDAPET,Valarmathi. P,IND,IND,139,FD,160496,159477
24,THIYAGARAYANAGAR,Anusha V,NTK,S,4554,FD,134147,133050
24,THIYAGARAYANAGAR,Padmini Narasimhan,IND,IND,124,FD,134147,133050
24,THIYAGARAYANAGAR,Mythili C,IND,IND,86,FD,134147,133050
25,MYLAPORE,Dr. Tamilisai Soundararajan,BJP,N,32328,L,150800,149824
25,MYLAPORE,Vinu Pradha. A,IND,IND,109,FD,150800,149824
25,MYLAPORE,Vijayalakshmi. P,IND,IND,227,FD,150800,149824
26,VELACHERY,Keerthana. M,NTK,S,7697,FD,185042,183479
26,VELACHERY,Kanchana. R,MMKA,U,205,FD,185042,183479
26,VELACHERY,Kala Pethachi,IND,IND,233,FD,185042,183479
27,SHOZHINGANALLUR,R Jayalakshmi,NTK,S,21919,FD,447368,445216
28,ALANDUR,Y.g.mahalakshmi,NTK,S,10405,FD,261666,260307
28,ALANDUR,Senkodi Vijayalakshmi,IND,IND,233,FD,261666,260307
29,SRIPERUMBUDUR,M. Sindhu Ezhilarasan,NTK,S,13150,FD,331155,329927
29,SRIPERUMBUDUR,J. Nithya,IND,IND,176,FD,331155,329927
29,SRIPERUMBUDUR,G. Rajathi,IND,IND,211,FD,331155,329927
30,PALLAVARAM,N.bharathi,BSP,N,562,FD,283768,282075
30,PALLAVARAM,J.kamatchi,TVK,U,133611,W,283768,282075
30,PALLAVARAM,B.rajeswari,NADLMMKLK,U,443,FD,283768,282075
31,TAMBARAM,R.s.kiruthika Devi,DMK,S,83346,L,279036,277297
31,TAMBARAM,S.tamilchelvi,NTK,S,11627,FD,279036,277297
32,CHENGALPATTU,Amutha. N,NTK,S,12032,FD,324093,322615
34,CHEYYUR,Swathilakshmi Sekar,NTK,S,4853,FD,188026,186801
35,MADURANTAKAM,S.amulu Ponmalar,DMK,S,59838,L,198551,197454
35,MADURANTAKAM,Maragatham Kumaravel.k,ADMK,S,69284,W,198551,197454
35,MADURANTAKAM,Ezhil Katharine Ezhilmalai,TVK,U,62090,L,198551,197454
35,MADURANTAKAM,Ranjitham.m,IND,IND,357,FD,198551,197454
36,UTHIRAMERUR,Maheswari.j,IND,IND,212,FD,228219,226651
37,KANCHEEPURAM,Nithya Sugumar,DMK,S,69344,L,246886,245239
37,KANCHEEPURAM,Vetriselvi,NTK,S,6950,FD,246886,245239
38,ARAKKONAM,Ezhil Caroline,VCK,S,50655,L,182493,181441
40,KATPADI,Indu .w,TMMDK,U,319,FD,204355,202752
41,RANIPET,Thaarikha Salman,NTK,S,7236,FD,221259,219829
41,RANIPET,J.jeniferjanet,BSP,N,620,FD,221259,219829
41,RANIPET,Thahira,TVK,U,91149,W,221259,219829
42,ARCOT,Archana Narasimman,NTK,S,5518,FD,226005,225130
42,ARCOT,R.indhumathi,IND,IND,58,FD,226005,225130
42,ARCOT,V.shanthi,IND,IND,113,FD,226005,225130
43,VELLORE,A.soniya,NTK,S,3793,FD,190573,189770
43,VELLORE,K.vimala,NIDP,U,195,FD,190573,189770
45,KILVAITHINANKUPPAM,Dr. Rajeswari. R,DMK,S,53898,L,190379,188920
45,KILVAITHINANKUPPAM,Kalaiyenthiri. R,NTK,S,5183,FD,190379,188920
46,GUDIYATTAM,Paritha Purushothaman.g,ADMK,S,64122,L,229252,228277
46,GUDIYATTAM,K.asha,PT,U,383,FD,229252,228277
46,GUDIYATTAM,K.sindu,TVK,U,82858,W,229252,228277
46,GUDIYATTAM,K.thabithal,AIPTMMK,U,351,FD,229252,228277
46,GUDIYATTAM,M.sumathi,IND,IND,157,FD,229252,228277
47,VANIYAMBADI,Sundarammal,MKARSKTC,U,544,FD,212624,211910
48,AMBUR,Afshia Nasrin. S,NTK,S,4185,FD,195785,195116
48,AMBUR,Sasi Reka. Y,MKARSKTC,U,194,FD,195785,195116
49,JOLARPET,Kavithadhandapani,DMK,S,61977,L,213582,212347
49,JOLARPET,Sasirekha K,NTK,S,5974,FD,213582,212347
49,JOLARPET,Sasi Reka Y,MKARSKTC,U,270,FD,213582,212347
49,JOLARPET,Kavitha C,IND,IND,155,FD,213582,212347
49,JOLARPET,Kavitha T,IND,IND,76,FD,213582,212347
49,JOLARPET,Kamatchi S,IND,IND,128,FD,213582,212347
49,JOLARPET,Priya K,IND,IND,454,FD,213582,212347
50,TIRUPPATTUR,Anjali. M,IND,IND,115,FD,203263,202461
50,TIRUPPATTUR,Dr.poovalagi. P,IND,IND,139,FD,203263,202461
51,UTHANGARAI,Mekala,NTK,S,6629,FD,205745,204649
51,UTHANGARAI,Rameshwari,BHRTJNCKP,U,115,FD,205745,204649
51,UTHANGARAI,Vijiyal,AJPK,U,206,FD,205745,204649
52,BARGUR,Anitha Mayaperumal,IND,IND,143,FD,214129,213329
53,KRISHNAGIRI,Suganthi,NTK,S,6398,FD,231023,229045
53,KRISHNAGIRI,Mangammal,TMK,U,336,FD,231023,229045
53,KRISHNAGIRI,Muthulakshmi Veerappan,tavk,U,366,FD,231023,229045
57,PALACODU,Palaniyammal. M.,TMK,U,155,FD,225496,223965
58,PENNAGARAM,Palaniyammal. T.,NTK,S,7358,FD,228907,227992
58,PENNAGARAM,Tamilselvi. S.,IND,IND,263,FD,228907,227992
58,PENNAGARAM,Poomani. P.,IND,IND,533,FD,228907,227992
59,DHARMAPURI,Shanthalakshmi. K.,NTK,S,6758,FD,238742,237638
59,DHARMAPURI,Sivagami. G.,TMK,U,382,FD,238742,237638
59,DHARMAPURI,Sowmiya Anbumani,PMK,U,93713,W,238742,237638
60,PAPPIREDDIPATTI,Archana Tamilaruvi,NTK,S,5216,FD,237164,235944
60,PAPPIREDDIPATTI,Maragatham Vetrivel,ADMK,S,101829,W,237164,235944
60,PAPPIREDDIPATTI,Thilagavathi. S,TVK,U,57619,L,237164,235944
60,PAPPIREDDIPATTI,Jamunarani. M,NADLMMKLK,U,187,FD,237164,235944
61,HARUR,Anitha. A,NTK,S,5245,FD,220303,219260
61,HARUR,Karuthammal. S,NADLMMKLK,U,487,FD,220303,219260
61,HARUR,Manila. S,tavk,U,213,FD,220303,219260
62,CHENGAM,J.shoba,NTK,S,6335,FD,243703,241783
62,CHENGAM,C.malathi,tavk,U,84,FD,243703,241783
62,CHENGAM,A Poongodi,IND,IND,197,FD,243703,241783
63,TIRUVANNAMALAI,Malli. S,tavk,U,122,FD,220079,219281
63,TIRUVANNAMALAI,Maheswari. R,IND,IND,77,FD,220079,219281
65,KALASAPAKKAM,Seetha Sivanandam. P,NTK,S,5312,FD,214193,213704
65,KALASAPAKKAM,Sathya. V,NADLMMKLK,U,245,FD,214193,213704
66,POLUR,Umadevi. A,NTK,S,6425,FD,212247,210945
66,POLUR,Banupriya. D,RPPRINAT,U,869,FD,212247,210945
66,POLUR,Subha. A,IND,IND,425,FD,212247,210945
67,ARANI,Dhavamani. R,NTK,S,6888,FD,231139,229455
67,ARANI,Mahalakshmi Govarthanan,DMK,S,71104,L,231139,229455
67,ARANI,Jayasudha. L,ADMK,S,76735,W,231139,229455
67,ARANI,Ammu. V,IND,IND,104,FD,231139,229455
67,ARANI,Sudha. S,IND,IND,257,FD,231139,229455
67,ARANI,Mahalakshmi. G,IND,IND,359,FD,231139,229455
67,ARANI,Mahalakshmi. G,IND,IND,117,FD,231139,229455
67,ARANI,Jayanthi. E,IND,IND,60,FD,231139,229455
67,ARANI,Jayanthi. M,IND,IND,90,FD,231139,229455
69,VANDAVASI,Rani. P,ADMK,S,60472,L,191401,190216
69,VANDAVASI,Thamarai Selvi. S,tavk,U,252,FD,191401,190216
69,VANDAVASI,Rani. A,IND,IND,674,FD,191401,190216
71,MAILAM,Divya P,NIDP,U,26,FD,189376,188922
71,MAILAM,Ranjitha V,IND,IND,357,FD,189376,188922
73,VANUR,Radhika S,IND,IND,197,FD,192680,191600
74,VILUPPURAM,Abinaya Ponnivalavan,NTK,S,5786,FD,215891,214849
74,VILUPPURAM,Vijayasureshbabu,ADMK,S,63808,L,215891,214849
74,VILUPPURAM,Vijaya K,IND,IND,46,FD,215891,214849
74,VILUPPURAM,Vijaya D,IND,IND,100,FD,215891,214849
74,VILUPPURAM,Vijaya M,IND,IND,141,FD,215891,214849
74,VILUPPURAM,Vijaya M,IND,IND,93,FD,215891,214849
75,VIKRAVANDI,Subha Chandrasekaran A,NTK,S,4979,FD,209859,208830
75,VIKRAVANDI,Backiyalakshmi C,TK,U,141,FD,209859,208830
77,ULUNDURPETTAI,Logeshwari S,NTK,S,6525,FD,271103,269951
78,RISHIVANDIYAM,Radhika P,NTK,S,7247,FD,245006,244261
78,RISHIVANDIYAM,Sevvantha G K,AMM,U,322,FD,245006,244261
79,SANKARAPURAM,Sudha M,BSP,N,544,FD,235780,235145
79,SANKARAPURAM,Kavikuil V,IND,IND,97,FD,235780,235145
80,KALLAKURICHI,Nagammal Rajkodi,NTK,S,7494,FD,249689,248743
80,KALLAKURICHI,Malathi K,VCK,S,77666,L,249689,248743
80,KALLAKURICHI,Malathi K,IND,IND,179,FD,249689,248743
81,GANGAVALLI,Abirami. A,NTK,S,6242,FD,196881,195948
81,GANGAVALLI,Sujatha. V,TVK,U,55291,L,196881,195948
82,ATTUR,Sellammal. V.m.,BSP,N,412,FD,208562,207265
82,ATTUR,Monisha Chinnadurai.,NTK,S,6532,FD,208562,207265
82,ATTUR,Palaniyammal. S.,DMSK,U,215,FD,208562,207265
83,YERCAUD,Usharani. P,ADMK,S,87772,W,253743,252342
83,YERCAUD,Revathi. T.m,DMK,S,68045,L,253743,252342
83,YERCAUD,Lakshmi Janarthanan. J,TVK,U,85583,L,253743,252342
85,METTUR,Vidhya Veerappan,NTK,S,7109,FD,231663,230311
86,EDAPPADI,Priyadharshini. A,NTK,S,8450,FD,258490,256922
87,SANKARI,Nithya. A,NTK,S,7534,FD,244023,243068
89,SALEM (NORTH),Gunaseela. M,NTK,S,6450,FD,210877,209507
89,SALEM (NORTH),Jothilakshmi. R.s,VSHWTMLK,U,176,FD,210877,209507
89,SALEM (NORTH),Pravina. G,IND,IND,97,FD,210877,209507
90,SALEM (SOUTH),Sofia. S,NTK,S,5819,FD,208117,207157
90,SALEM (SOUTH),Sumathi. P,IND,IND,61,FD,208117,207157
91,VEERAPANDI,Kavitha. M.p,IND,IND,56,FD,236141,235281
92,RASIPURAM,Sasikala S,NTK,S,6415,FD,204902,203817
92,RASIPURAM,Thangamani S,IND,IND,147,FD,204902,203817
92,RASIPURAM,Jayanthi M,IND,IND,118,FD,204902,203817
93,SENTHAMANGALAM,P Poomalar,DMK,S,64951,L,209816,208476
93,SENTHAMANGALAM,Ponnumani C,NTK,S,6478,FD,209816,208476
94,NAMAKKAL,Rani P,DMK,S,52808,L,212395,211523
94,NAMAKKAL,Chandra P,IND,IND,322,FD,212395,211523
95,PARAMATHI-VELUR,Shailaja,tavk,U,444,FD,189019,188396
95,PARAMATHI-VELUR,Bakkiam P,AADMSK,U,116,FD,189019,188396
95,PARAMATHI-VELUR,Parameshwari S,IND,IND,192,FD,189019,188396
95,PARAMATHI-VELUR,Latha A,IND,IND,90,FD,189019,188396
96,TIRUCHENGODU,Revathi K,NTK,S,6085,FD,191217,190602
97,KUMARAPALAYAM,Uvarani Suresh,NTK,S,7663,FD,205359,204659
97,KUMARAPALAYAM,C.vijayalakshmi,TVK,U,81179,W,205359,204659
98,ERODE (EAST),B.chitra,BSP,N,256,FD,162573,161574
98,ERODE (EAST),Nathiya.s,IND,IND,136,FD,162573,161574
99,ERODE (WEST),V. Dhanalakshmi,tavk,U,163,FD,222437,220143
99,ERODE (WEST),M. Rukmani,SMKNK,U,118,FD,222437,220143
100,MODAKKURICHI,S.kirthika,BJP,N,58285,L,190905,189834
100,MODAKKURICHI,L.bharathi,IND,IND,585,FD,190905,189834
101,DHARAPURAM,Indirani.t,DMK,S,64373,L,200101,198886
101,DHARAPURAM,Sathyabama.p,ADMK,S,81100,W,200101,198886
101,DHARAPURAM,Dhivya,NTK,S,6026,FD,200101,198886
101,DHARAPURAM,Gowri Chitra,TVK,U,46438,L,200101,198886
101,DHARAPURAM,Ananthi.s,IND,IND,151,FD,200101,198886
101,DHARAPURAM,Indhirani.c,IND,IND,142,FD,200101,198886
101,DHARAPURAM,Gowri.p,IND,IND,125,FD,200101,198886
101,DHARAPURAM,Rohini.s,IND,IND,357,FD,200101,198886
102,KANGAYAM,R.vijayalakshmi,GPI,U,176,FD,203782,202828
103,PERUNDURAI,Valarmathi. P,SMKNK,U,77,FD,201079,199874
104,BHAVANI,Mohanadevi. R,NTK,S,6195,FD,208464,206914
105,ANTHIYUR,Aalangattur Anandhi,NTK,S,5287,FD,185970,185021
105,ANTHIYUR,Selvi.a,IND,IND,176,FD,185970,185021
106,GOBICHETTIPALAYAM,Seethalakshmi.m.k,NTK,S,8137,FD,219988,218820
106,GOBICHETTIPALAYAM,Malarvizhi,PFTROOBC,U,197,FD,219988,218820
106,GOBICHETTIPALAYAM,Seetha.r,IND,IND,139,FD,219988,218820
106,GOBICHETTIPALAYAM,Sumathi.g,IND,IND,332,FD,219988,218820
106,GOBICHETTIPALAYAM,Bhuvaneshwari.a,IND,IND,499,FD,219988,218820
107,BHAVANISAGAR,S.soundarya,NTK,S,5832,FD,214838,212791
107,BHAVANISAGAR,V.p.tamilselvi,TVK,U,72391,W,214838,212791
108,UDHAGAMANDALAM,Saveetha.r,tavk,U,418,FD,149032,147179
110,COONOOR,K. Deenu,NTK,S,4695,FD,141719,140674
111,METTUPPALAYAM,Smt.kavitha Kalyanasundaram,DMK,S,67896,L,244535,243480
111,METTUPPALAYAM,R.sangeetha,NADLMMKLK,U,356,FD,244535,243480
111,METTUPPALAYAM,S.kavitha,IND,IND,263,FD,244535,243480
111,METTUPPALAYAM,A.sathiyaleela,IND,IND,238,FD,244535,243480
112,AVANASHI,Dr. Gokilamani.v,DMK,S,65530,L,231948,230037
112,AVANASHI,Menaka. V,NTK,S,7704,FD,231948,230037
112,AVANASHI,Kamali.s,TVK,U,84209,W,231948,230037
112,AVANASHI,Anandhi.s,IND,IND,235,FD,231948,230037
112,AVANASHI,Gokilamani. M,IND,IND,652,FD,231948,230037
113,TIRUPPUR (NORTH),R.abinaya,NTK,S,13157,FD,263576,262379
113,TIRUPPUR (NORTH),V.sathyabama,TVK,U,131401,W,263576,262379
114,TIRUPPUR (SOUTH),Malarvizhi. G,IDMK,U,170,FD,179929,179170
114,TIRUPPUR (SOUTH),Karthikadevi. K,IND,IND,45,FD,179929,179170
114,TIRUPPUR (SOUTH),Vasanthamani. K,IND,IND,142,FD,179929,179170
116,SULUR,Pappa Muthulakshmi.p.,AIPTMMK,U,216,FD,273735,272191
117,KAVUNDAMPALAYAM,Kalamani Jaganathan,NTK,S,16834,FD,364242,361875
117,KAVUNDAMPALAYAM,Kanimozhi Santhosh,TVK,U,146466,W,364242,361875
117,KAVUNDAMPALAYAM,Malliga.m,AIPTMMK,U,314,FD,364242,361875
117,KAVUNDAMPALAYAM,Kanimozhi.k,IND,IND,567,FD,364242,361875
118,COIMBATORE (NORTH),Narmadha. G.,NTK,S,9036,FD,226267,225089
118,COIMBATORE (NORTH),Vanathi Srinivasan,BJP,N,49722,L,226267,225089
119,THONDAMUTHUR,Rajabu Nisha.z,NTK,S,6976,FD,258823,257549
119,THONDAMUTHUR,Kalaivani.s,IND,IND,125,FD,258823,257549
119,THONDAMUTHUR,Kowsalya.v,IND,IND,77,FD,258823,257549
119,THONDAMUTHUR,Deepa.g.s,IND,IND,195,FD,258823,257549
119,THONDAMUTHUR,Balamani.v,IND,IND,304,FD,258823,257549
119,THONDAMUTHUR,Vijaya.k,IND,IND,183,FD,258823,257549
121,SINGANALLUR,V.srinidhi,INC,N,65024,L,221138,219687
121,SINGANALLUR,Uma Paramasivam,IND,IND,115,FD,221138,219687
121,SINGANALLUR,P.tamilselvi,IND,IND,174,FD,221138,219687
121,SINGANALLUR,Vasanthi,IND,IND,59,FD,221138,219687
121,SINGANALLUR,Janani.d,IND,IND,168,FD,221138,219687
122,KINATHUKADAVU,Banupriya M,NTK,S,9667,FD,268432,266200
124,VALPARAI,Umadevi. P,NTK,S,5256,FD,150529,149756
124,VALPARAI,Lakshmi. N,IND,IND,322,FD,150529,149756
125,UDUMALAIPETTAI,Elsy C.,IND,IND,84,FD,203937,202426
126,MADATHUKULAM,M Radhamani,NTK,S,6578,FD,188375,187338
127,PALANI,Murugeswari. B,NTK,S,6300,FD,208707,207869
127,PALANI,Madheswari. R,IND,IND,178,FD,208707,207869
129,ATHOOR,N. Kalaiselvi,TVK,U,83872,L,237388,236371
130,NILAKKOTTAI,Thenmozhi.s,ADMK,S,49924,L,197805,196951
130,NILAKKOTTAI,Nagajothi.s,DMK,S,65655,L,197805,196951
130,NILAKKOTTAI,Rajalakshmi.m,BSP,N,505,FD,197805,196951
131,NATHAM,Alagammal A,NTK,S,9677,FD,239317,238544
132,DINDIGUL,Mutharasi. S,NTK,S,7299,FD,212118,211191
132,DINDIGUL,Saranya. M,IND,IND,88,FD,212118,211191
133,VEDASANDUR,Dr.nakajothi. N,TVK,U,56804,L,226683,226080
134,ARAVAKURICHI,Suganya. S,BSP,N,359,FD,181165,180441
134,ARAVAKURICHI,Asiya Begum,AIPTMMK,U,290,FD,181165,180441
134,ARAVAKURICHI,Sowmiya. R,IND,IND,284,FD,181165,180441
135,KARUR,Elamathi. S,IND,IND,59,FD,217276,216290
135,KARUR,Seetha Lakshmi. D,IND,IND,28,FD,217276,216290
135,KARUR,Daniya. P,IND,IND,7,FD,217276,216290
135,KARUR,Parameswari,IND,IND,20,FD,217276,216290
135,KARUR,Mariammal. P.m,IND,IND,16,FD,217276,216290
135,KARUR,Vanitha. K.m,IND,IND,14,FD,217276,216290
136,KRISHNARAYAPURAM,Gomathi. M,BSP,N,306,FD,189634,188832
136,KRISHNARAYAPURAM,Sathiya. V,NTK,S,6102,FD,189634,188832
136,KRISHNARAYAPURAM,Dr. Dhivya. S,ADMK,S,58875,L,189634,188832
136,KRISHNARAYAPURAM,Sathya. M,TVK,U,62378,W,189634,188832
136,KRISHNARAYAPURAM,Indragandhi. P,IND,IND,68,FD,189634,188832
136,KRISHNARAYAPURAM,Baby. P,IND,IND,71,FD,189634,188832
137,KULITHALAI,M.gayathiri,IND,IND,84,FD,209285,208479
138,MANAPPARAI,P. Meena,PT,U,275,FD,241445,240267
138,MANAPPARAI,Periyakka,IND,IND,238,FD,241445,240267
140,TIRUCHIRAPPALLI (WEST),K.bhuvaneswari,NTK,S,7470,FD,196420,195249
142,THIRUVERUMBUR,Visithra. S,BSP,N,194,FD,213792,212838
142,THIRUVERUMBUR,Subbulakshmi. R,IND,IND,92,FD,213792,212838
143,LALGUDI,Pratheeba,BSP,N,348,FD,185524,184823
143,LALGUDI,Leemarose Martin,ADMK,S,60795,W,185524,184823
143,LALGUDI,K. Immaculate Mary,SMKNK,U,399,FD,185524,184823
143,LALGUDI,Josephin,AIPTMMK,U,192,FD,185524,184823
143,LALGUDI,R. Ponsilambu,IND,IND,340,FD,185524,184823
144,MANACHANALLUR,Thenmozhi. R,NTK,S,9289,FD,209935,209181
144,MANACHANALLUR,Revathi. S,AKINMKMRK,U,75,FD,209935,209181
145,MUSIRI,G. Bakiyalakshmi,NTK,S,8357,FD,189230,188048
145,MUSIRI,K.dhivya,RTSMJD,U,253,FD,189230,188048
146,THURAIYUR,S Kowsalya,NTK,S,8436,FD,184621,183729
146,THURAIYUR,E.saroja,ADMK,S,56649,L,184621,183729
146,THURAIYUR,E.saroja,IND,IND,95,FD,184621,183729
146,THURAIYUR,K.saroja,IND,IND,107,FD,184621,183729
146,THURAIYUR,P.saroja,IND,IND,141,FD,184621,183729
147,PERAMBALUR,Suganya. J,NTK,S,9474,FD,253860,252494
147,PERAMBALUR,Dr. Jayalakshmi. S.t,DMK,S,76489,L,253860,252494
147,PERAMBALUR,Shiyamala. M,IND,IND,421,FD,253860,252494
148,KUNNAM,Saranya. A,ADMK,S,71680,L,230664,230086
148,KUNNAM,Revathi Muthamilselvan,TVK,U,59170,L,230664,230086
149,ARIYALUR,Latha Balu,DMK,S,70721,L,236042,235217
150,JAYANKONDAM,Revathi K.,NTK,S,6192,FD,228895,228132
151,TITTAKUDI,Mahalakshmi V,NTK,S,5709,FD,175947,175170
151,TITTAKUDI,Sathya M,AJPK,U,362,FD,175947,175170
151,TITTAKUDI,Jaya K,tavk,U,338,FD,175947,175170
152,VRIDDHACHALAM,Ananthi Dhandapani,NTK,S,6047,FD,209448,208431
152,VRIDDHACHALAM,Premallatha Vijayakant,DMDK,S,69351,W,209448,208431
152,VRIDDHACHALAM,Sathiya.b,AMM,U,160,FD,209448,208431
152,VRIDDHACHALAM,Gnanasundari.m,AJPK,U,611,FD,209448,208431
152,VRIDDHACHALAM,Dr.tamizharasi.p,PMK,U,59791,L,209448,208431
154,PANRUTI,Banupriya. M,NTK,S,4884,FD,211015,209860
155,CUDDALORE,S.sarasu,NTK,S,5766,FD,190656,189484
155,CUDDALORE,V. Suganthi,IND,IND,62,FD,190656,189484
155,CUDDALORE,R. Veeramani,IND,IND,214,FD,190656,189484
156,KURINJIPADI,Kavitha Renganathan,NTK,S,4813,FD,214326,213336
156,KURINJIPADI,Manimala R,IND,IND,458,FD,214326,213336
157,BHUVANAGIRI,Sumathi . S,NTK,S,5105,FD,207463,206629
160,SIRKAZHI,Sakthi.m,ADMK,S,60032,L,200546,199893
160,SIRKAZHI,Malathi.a,AIPTMMK,U,365,FD,200546,199893
161,MAYILADUTHURAI,Navanitham. S,IND,IND,245,FD,188691,187987
162,POOMPUHAR,Noor Nisha. M,IND,IND,107,FD,219814,218738
163,NAGAPATTINAM,Fathima Farhana.s,NTK,S,5348,FD,151512,150847
164,KILVELUR,Karthika. M,NTK,S,8069,FD,151750,151092
164,KILVELUR,Latha. T,CPI(M),N,56108,W,151750,151092
164,KILVELUR,Jaivishnudevi. M,IND,IND,410,FD,151750,151092
166,THIRUTHURAIPOONDI,Vimala.a,BSP,N,525,FD,191133,190233
166,THIRUTHURAIPOONDI,Vinothini.r,NTK,S,10176,FD,191133,190233
168,THIRUVARUR,Aswini B,NTK,S,10031,FD,218012,217050
169,NANNILAM,Thenmozhi Dilipkumar,NTK,S,8446,FD,231592,230508
170,THIRUVIDAIMARUDUR,Elamathi Subramanian,ADMK,S,52922,L,209468,208197
170,THIRUVIDAIMARUDUR,M.divya Bharathi,NTK,S,6363,FD,209468,208197
170,THIRUVIDAIMARUDUR,Keerthiga. K,IND,IND,95,FD,209468,208197
170,THIRUVIDAIMARUDUR,Selvarani. S,IND,IND,139,FD,209468,208197
171,KUMBAKONAM,Senthamilselvi S,IND,IND,83,FD,208378,207328
172,PAPANASAM,Anis Fathima,NTK,S,9604,FD,207867,207007
172,PAPANASAM,A. Anis Fathima Abdul Rahim,IND,IND,503,FD,207867,207007
173,THIRUVAIYARU,Vijaya Babu,tavk,U,1130,FD,222215,221163
177,PERAVURANI,Bhuvana Maniyarasan,NTK,S,9122,FD,176446,175579
178,GANDHARVAKOTTAI,Nathiya,NTK,S,10189,FD,167870,166491
179,VIRALIMALAI,Sathyalakshmi. K,NTK,S,9467,FD,203999,203546
179,VIRALIMALAI,Karthika Prakash,AIPTMMK,U,834,FD,203999,203546
180,PUDUKKOTTAI,Ezhilarasi Vijayendran,NTK,S,11673,FD,190615,189911
180,PUDUKKOTTAI,G. Manimegalai,CPI(ML)(L),U,100,FD,190615,189911
181,THIRUMAYAM,Lakshmi Srinivasan,NTK,S,9102,FD,182792,181667
181,THIRUMAYAM,Chinthamani.c,TVK,U,56709,L,182792,181667
183,ARANTHANGI,Kavitha Srikanth,BJP,N,31456,L,182792,182150
183,ARANTHANGI,Muthulakshmi. S,NTK,S,9975,FD,182792,182150
184,KARAIKUDI,Shanthi. B,IND,IND,263,FD,229625,228748
184,KARAIKUDI,Selvi. K,IND,IND,169,FD,229625,228748
184,KARAIKUDI,Jeevitha. A,IND,IND,321,FD,229625,228748
185,TIRUPPATTUR,Ramya Mohan,NTK,S,15291,FD,216016,214963
185,TIRUPPATTUR,Umadevi. S,AIPTMMK,U,611,FD,216016,214963
185,TIRUPPATTUR,Panchavarnam. M,IND,IND,129,FD,216016,214963
185,TIRUPPATTUR,Bakiyalakshmi. M,IND,IND,266,FD,216016,214963
185,TIRUPPATTUR,Mallika. A,IND,IND,143,FD,216016,214963
186,SIVAGANGA,Indhuja R,NTK,S,19021,FD,214716,213014
186,SIVAGANGA,Kulanthai Rani A,TVK,U,73737,W,214716,213014
187,MANAMADURAI,Shanmugapriya.m,NTK,S,19676,FD,209091,207797
187,MANAMADURAI,Tamilarasi.a,DMK,S,68763,L,209091,207797
188,MELUR,Soniagandhi,AIPTMMK,U,2628,FD,190822,190172
190,SHOLAVANDAN,Nagalakshmi Thirumaran.t,NTK,S,10430,FD,189224,188509
192,MADURAI SOUTH,B.m.sumathy,NTK,S,5863,FD,141598,140891
192,MADURAI SOUTH,K.jeya,IND,IND,257,FD,141598,140891
195,THIRUPARANKUNDRAM,Kiruthiga Thangapandi,DMK,S,72763,L,255946,254318
195,THIRUPARANKUNDRAM,Sathyadevi. T.,NTK,S,14350,FD,255946,254318
195,THIRUPARANKUNDRAM,Mookkayee. C.,ETMK,U,249,FD,255946,254318
196,THIRUMANGALAM,Kalaiselvi.r,AIDMMK,U,283,FD,231544,230047
196,THIRUMANGALAM,Jeevitha Nachiyar.b,AIPTMMK,U,2851,FD,231544,230047
197,USILAMPATTI,Abirami. D,NTK,S,15185,FD,224679,223356
197,USILAMPATTI,Kiranya. S,IND,IND,262,FD,224679,223356
197,USILAMPATTI,Praveena. S,IND,IND,343,FD,224679,223356
198,ANDIPATTI,Esakkiammal.m,BSP,N,420,FD,217699,216301
198,ANDIPATTI,Gomathi .m,NTK,S,10346,FD,217699,216301
199,PERIYAKULAM,Vimala R.,NTK,S,9610,FD,211514,209703
199,PERIYAKULAM,Abitha M.,IND,IND,390,FD,211514,209703
200,BODINAYAKANUR,Nagananthini.v,IND,IND,526,FD,221116,219697
201,CUMBUM,Anbuselvi A,NTK,S,9599,FD,211077,209907
202,RAJAPALAYAM,Priscilla Pandian. J,BJP,N,36318,L,183212,182267
202,RAJAPALAYAM,Nasrin Banu. T,RPPRINAT,U,1240,FD,183212,182267
202,RAJAPALAYAM,Ramadevi. T,PT,U,2544,FD,183212,182267
202,RAJAPALAYAM,Jegadeshwari. K,TVK,U,65548,W,183212,182267
202,RAJAPALAYAM,Selvi. K,IND,IND,298,FD,183212,182267
202,RAJAPALAYAM,Muthulakshmi. R,IND,IND,351,FD,183212,182267
202,RAJAPALAYAM,Jegathishwari. N,IND,IND,292,FD,183212,182267
203,SRIVILLIPUTHUR,Chandraprabha.m,ADMK,S,42839,L,193627,192598
203,SRIVILLIPUTHUR,Chandra.m,AIPTMMK,U,1726,FD,193627,192598
203,SRIVILLIPUTHUR,Devialakshmi Saranya.k,IND,IND,509,FD,193627,192598
203,SRIVILLIPUTHUR,Pandiyammal.m,IND,IND,340,FD,193627,192598
204,SATTUR,Narmada Nandhakumar,IND,IND,88,FD,199038,198258
205,SIVAKASI,Esther Mary Diana A,NTK,S,10191,FD,193594,192569
205,SIVAKASI,Keerthana S,TVK,U,68709,W,193594,192569
205,SIVAKASI,Nagalakshmi V,IND,IND,205,FD,193594,192569
208,TIRUCHULI,Jeyachitra,IND,IND,88,FD,181638,180825
209,PARAMAKUDI,Ezhil Elavarasi. R,NTK,S,15363,FD,190014,189043
209,PARAMAKUDI,Amirtha. M,AIPTMMK,U,2239,FD,190014,189043
210,TIRUVADANAI,M.keerthika,ADMK,S,63879,L,220448,219924
212,MUDHUKULATHUR,Chandra Prabha Jeyapal,NTK,S,15112,FD,231373,230944
212,MUDHUKULATHUR,Malarvizhi. B,TVK,U,51405,L,231373,230944
213,VILATHIKULAM,R. Sathya,ADMK,S,48879,L,175030,174172
214,THOOTHUKKUDI,P. Geetha Jeevan,DMK,S,62805,L,204992,203859
215,TIRUCHENDUR,Ophiliya,NTK,S,9794,FD,186322,185328
215,TIRUCHENDUR,Packia Sam. T,NIDP,U,97,FD,186322,185328
217,OTTAPIDARAM,M. Anusiya,NTK,S,17279,FD,196554,195238
217,OTTAPIDARAM,C. Aruna Devi,NNNMNEK,U,761,FD,196554,195238
217,OTTAPIDARAM,Subbulakshmi. S,NIDP,U,230,FD,196554,195238
218,KOVILPATTI,Pandimuneeswari.k,IND,IND,367,FD,194497,193639
219,SANKARANKOVIL,M. Kavitha,NTK,S,12767,FD,197670,195920
219,SANKARANKOVIL,Vasanthi Murugesan,AIPTMMK,U,8006,FD,197670,195920
220,VASUDEVANALLUR,R. Amutharani,TVK,U,45862,L,190256,189158
220,VASUDEVANALLUR,A. Ponnuthai,AIPTMMK,U,2249,FD,190256,189158
220,VASUDEVANALLUR,B. Veeralakshmi,TMNK,U,183,FD,190256,189158
220,VASUDEVANALLUR,P. Karpagavalli,IND,IND,486,FD,190256,189158
221,KADAYANALLUR,Kavitha. R,PT,U,2882,FD,222360,221424
221,KADAYANALLUR,Shahin Fathima. A,tavk,U,356,FD,222360,221424
221,KADAYANALLUR,Lakshmi. A,SAP,U,179,FD,222360,221424
221,KADAYANALLUR,Barisha Banu. M,IND,IND,467,FD,222360,221424
222,TENKASI,P. Pushpalatha,NTK,S,16394,FD,235213,234314
223,ALANGULAM,Jeyanthi,IND,IND,432,FD,221103,219875
224,TIRUNELVELI,Sathya. B.,NTK,S,15108,FD,219060,217708
224,TIRUNELVELI,Eswara Vadivu. S.,NIDP,U,114,FD,219060,217708
227,NANGUNERI,Tamilselvi,PT,U,11141,FD,209548,208698
227,NANGUNERI,M. Aruna,IND,IND,251,FD,209548,208698
227,NANGUNERI,R.ananthi,IND,IND,169,FD,209548,208698
227,NANGUNERI,Thanithangam,IND,IND,441,FD,209548,208698
227,NANGUNERI,A.rani Nadar Alias Pushparani,IND,IND,529,FD,209548,208698
228,RADHAPURAM,Essakkiammal.e,BSP,N,331,FD,200446,199462
228,RADHAPURAM,Girija Thamaraipandian.d,NTK,S,15370,FD,200446,199462
228,RADHAPURAM,Mahalakshmi,PMTDK,U,103,FD,200446,199462
228,RADHAPURAM,Ananthi.r,IND,IND,76,FD,200446,199462
229,KANNIYAKUMARI,Maria Jennifer,NTK,S,13689,FD,239978,238325
230,NAGERCOIL,Vallimayil P,CPIM,U,145,FD,196545,195833
231,COLACHAL,Ancy Shoba Rani. L,NTK,S,12458,FD,199711,198432
231,COLACHAL,Tharahai Cuthbert,INC,N,66207,W,199711,198432
232,PADMANABHAPURAM,Vasanthi. R,IND,IND,453,FD,181647,179940
233,VILAVANCODE,Maria Stella,NTK,S,6199,FD,175453,174099
233,VILAVANCODE,Vijayadharani S,BJP,N,45604,L,175453,174099
,,,,,,,,
,,,,,,,,
Disclaimer,,,,,,,,
"This report is based on Index Cards data made available by concerned Returning Officers on the basis of Statutory data maintained in the forms. In case of any dispute, the data maintained in the Statutory Forms by the concerned Returning Officers shall prevail.",,,,,,,,